{"cameraMode":{"drawMode":0,"name":"Shaded","section":"Shading Mode"},"sceneLighting":false,"audioPlay":false,"sceneViewState":{"m_AlwaysRefresh":true,"showFog":true,"showSkybox":false,"showFlares":true,"showImageEffects":true,"showParticleSystems":true,"showVisualEffectGraphs":true,"m_FxEnabled":true},"in2DMode":false,"pivot":{"x":3.429666042327881,"y":-11.195781707763672,"z":0.29123222827911379},"rotation":{"x":-0.6936997771263123,"y":-0.014691414311528206,"z":0.014155412092804909,"w":-0.7199798226356506},"size":11.060018539428711,"orthographic":false}